{"cameraMode":{"drawMode":0,"name":"Shaded","section":"Shading Mode"},"sceneLighting":true,"audioPlay":false,"sceneViewState":{"m_AlwaysRefresh":false,"showFog":true,"showSkybox":true,"showFlares":true,"showImageEffects":true,"showParticleSystems":true,"showVisualEffectGraphs":true,"m_FxEnabled":true},"in2DMode":false,"pivot":{"x":58.696998596191409,"y":2.4462814331054689,"z":542.270263671875},"rotation":{"x":-0.19355639815330506,"y":-0.7663782238960266,"z":0.26973262429237368,"w":-0.5500468611717224},"size":221.59573364257813,"orthographic":true}