{"cameraMode":{"drawMode":0,"name":"Shaded","section":"Shading Mode"},"sceneLighting":true,"audioPlay":false,"sceneViewState":{"m_AlwaysRefresh":false,"showFog":true,"showSkybox":true,"showFlares":true,"showImageEffects":true,"showParticleSystems":true,"showVisualEffectGraphs":true,"m_FxEnabled":true},"in2DMode":false,"pivot":{"x":-188.3628387451172,"y":-225.55267333984376,"z":463.765380859375},"rotation":{"x":-0.007777973543852568,"y":0.9250307679176331,"z":-0.3795809745788574,"w":-0.018518250435590745},"size":376.62286376953127,"orthographic":true}