{"cameraMode":{"drawMode":0,"name":"Shaded","section":"Shading Mode"},"sceneLighting":true,"audioPlay":false,"sceneViewState":{"m_AlwaysRefresh":false,"showFog":true,"showSkybox":true,"showFlares":true,"showImageEffects":true,"showParticleSystems":true,"showVisualEffectGraphs":true,"m_FxEnabled":true},"in2DMode":false,"pivot":{"x":677.8013305664063,"y":20.28451156616211,"z":718.3436889648438},"rotation":{"x":0.043113529682159427,"y":0.9532504677772522,"z":-0.24943509697914124,"w":0.16556426882743836},"size":129.37139892578126,"orthographic":true}