{"cameraMode":{"drawMode":0,"name":"Shaded","section":"Shading Mode"},"sceneLighting":true,"audioPlay":false,"sceneViewState":{"m_AlwaysRefresh":false,"showFog":true,"showSkybox":true,"showFlares":true,"showImageEffects":true,"showParticleSystems":true,"showVisualEffectGraphs":true,"m_FxEnabled":true},"in2DMode":false,"pivot":{"x":-135.5077667236328,"y":425.6356506347656,"z":971.6026611328125},"rotation":{"x":0.00034727322054095566,"y":0.9635037779808044,"z":-0.2676953077316284,"w":0.0012490155640989543},"size":268.7792663574219,"orthographic":false}